{
  "train_loss": [
    1.1394247919288933,
    0.8767355129772557,
    0.8395532617857782,
    0.8190321279364615,
    0.8055120289663836,
    0.7945646090793145,
    0.7862393222619102
  ],
  "train_acc": [
    0.8998992689636485,
    0.9666939602613116,
    0.9761367585812829,
    0.9812263267337814,
    0.9838417992565932,
    0.9868401675316184,
    0.9887664277004459
  ],
  "val_loss": [
    0.8638465070664516,
    0.8151191910376653,
    0.7933846240652983,
    0.7823624487321582,
    0.7710825214385593,
    0.7634729385980601,
    0.7579348663915866
  ],
  "val_acc": [
    0.9728052451445302,
    0.9832378046266134,
    0.9874025813368521,
    0.9883097604222506,
    0.9902478248319657,
    0.9916498288730362,
    0.992330213187085
  ],
  "learning_rates": [
    5e-05,
    5e-05,
    5e-05,
    5e-05,
    5e-05,
    5e-05,
    5e-05
  ],
  "epochs": [
    1,
    2,
    3,
    4,
    5,
    6,
    7
  ]
}