{
  "train_loss": [
    1.2004824929268596,
    0.8888526162813017,
    0.8320890888178889,
    0.7955546275842098,
    0.7732944777240013,
    0.7520102262976119,
    0.7401694158038895,
    0.7296843340264235,
    0.7182093400264968,
    0.7104839694572409,
    0.7051125004289674,
    0.7006626122526556,
    0.6952875871187948
  ],
  "train_acc": [
    0.8028515357151301,
    0.916936608895089,
    0.9348355519825976,
    0.9474853994750905,
    0.9554063320171187,
    0.9603716927151065,
    0.9640602463764689,
    0.9660463906556641,
    0.9709644622041472,
    0.9728560281843331,
    0.9744875038422434,
    0.974747594164519,
    0.9758352446031258
  ],
  "val_loss": [
    0.803611546485629,
    0.744985964913239,
    0.7219449260754105,
    0.6966116128058767,
    0.6832139225818115,
    0.6836675978416821,
    0.6716778212743844,
    0.6689581120440935,
    0.6663724762334916,
    0.6629611507392161,
    0.6568536751842211,
    0.6596817940762706,
    0.6474875702471907
  ],
  "val_acc": [
    0.9584309133489461,
    0.9800936768149883,
    0.9828537972566076,
    0.9896286383405821,
    0.9897959183673469,
    0.9894613583138173,
    0.9901304784208765,
    0.9923887587822015,
    0.993141518902643,
    0.9921378387420542,
    0.9930578788892607,
    0.9921378387420542,
    0.9924723987955838
  ],
  "learning_rates": [
    5e-05,
    5e-05,
    5e-05,
    5e-05,
    5e-05,
    5e-05,
    5e-05,
    5e-05,
    5e-05,
    5e-05,
    5e-05,
    5e-05,
    5e-05
  ],
  "epochs": [
    1,
    2,
    3,
    4,
    5,
    6,
    7,
    8,
    9,
    10,
    11,
    12,
    13
  ]
}