{
  "train_loss": [
    1.7313456686684576,
    1.0621223772174282,
    0.9745496492236513,
    0.9319884706493027,
    0.9030206455739658,
    0.8825518379889931,
    0.867333577276301,
    0.8511548662580097,
    0.8435698661381408,
    0.8315733580004522,
    0.8299214934969243
  ],
  "train_acc": [
    0.7031228216924579,
    0.8945350620381988,
    0.9227426925042985,
    0.9356847437148567,
    0.9447697383707422,
    0.9503694409591523,
    0.9550629676100191,
    0.9593614944932385,
    0.9609414935638273,
    0.9646591384358009,
    0.9633347274501604
  ],
  "val_loss": [
    0.9811677753411574,
    0.8726951687931918,
    0.8224469117273798,
    0.8017886898191523,
    0.7811019224720401,
    0.7744010282853965,
    0.7643289308680579,
    0.7567284062521732,
    0.751581673952482,
    0.7470550291478915,
    0.7427514021348945
  ],
  "val_acc": [
    0.9308830704179542,
    0.9635713124085217,
    0.9754431614896731,
    0.9795901772645959,
    0.985607415839974,
    0.9851195316311595,
    0.9869897544316149,
    0.9869897544316149,
    0.9870710684664173,
    0.9887786631972678,
    0.9889412912668727
  ],
  "learning_rates": [
    5e-05,
    5e-05,
    5e-05,
    5e-05,
    5e-05,
    5e-05,
    5e-05,
    5e-05,
    5e-05,
    5e-05,
    5e-05
  ],
  "epochs": [
    1,
    2,
    3,
    4,
    5,
    6,
    7,
    8,
    9,
    10,
    11
  ]
}