{
  "train_loss": [
    0.829158021003859,
    0.8122658267672004,
    0.8036931089299126,
    0.7939569123706626,
    0.7880846278046515,
    0.7814613471877082,
    0.7906216743900545,
    0.7897806595043521
  ],
  "train_acc": [
    0.9633624752568574,
    0.9691240927514374,
    0.9712626072202847,
    0.9746323875954378,
    0.9759991516636818,
    0.9778548873597889,
    0.9728414553680838,
    0.971698557828259
  ],
  "val_loss": [
    0.7440259665050261,
    0.7407991123742517,
    0.7335809249794142,
    0.7311951481757106,
    0.7294333528013907,
    0.7301419739571033,
    0.726950128140615,
    0.7235536426357894
  ],
  "val_acc": [
    0.9891977531326516,
    0.9885599061747701,
    0.9900825085903582,
    0.9905763255900084,
    0.9903705685068208,
    0.9894446616324767,
    0.9904528713400959,
    0.9916462624225839
  ],
  "learning_rates": [
    5e-05,
    5e-05,
    5e-05,
    5e-05,
    5e-05,
    5e-05,
    5e-05,
    5e-05
  ],
  "epochs": [
    8,
    9,
    10,
    11,
    12,
    13,
    14,
    15
  ]
}