{
  "train_loss": [
    1.326824323071142,
    0.8785993999078878,
    0.8161298987419706,
    0.7845987310261398,
    0.7605223547408037,
    0.7445937505305156,
    0.7321498260690166,
    0.7227031553166194,
    0.7129053334076113,
    0.7054809328060553,
    0.7021025367315642,
    0.6959603839349254,
    0.6892381639216539,
    0.6845022161530125,
    0.6819504959411401,
    0.6785521635427334,
    0.6778809935868518,
    0.6723161817028239,
    0.6696783307625047,
    0.6654266380109213,
    0.6647200068231705,
    0.6646871255846853,
    0.6606810965172276,
    0.6598584829578531,
    0.6575383294376481,
    0.6557958447324086,
    0.6522232699475403,
    0.6519583771451632,
    0.6527131463127104,
    0.6499996262139214
  ],
  "train_acc": [
    0.7742416002648193,
    0.9181661267822098,
    0.9396354006573192,
    0.9499680798240844,
    0.9580545243893789,
    0.9623578369943017,
    0.9657626557586362,
    0.9689546733501998,
    0.9727378053105715,
    0.9745820821412526,
    0.9744638592674911,
    0.9770647624902467,
    0.9789090393209278,
    0.9806823824273521,
    0.9807769607263613,
    0.981628165417445,
    0.9816754545669496,
    0.9831414182015936,
    0.9837561771451541,
    0.9851748516302934,
    0.9848674721585132,
    0.9843000023644575,
    0.9860733454708817,
    0.9863334357931572,
    0.9866881044144421,
    0.9874447308065164,
    0.9883432246471047,
    0.9878703331520583,
    0.9875156645307734,
    0.988508736670371
  ],
  "val_loss": [
    0.8118320248445248,
    0.7523236249194332,
    0.7127123974605163,
    0.6937888290380386,
    0.682843311668918,
    0.67904667161946,
    0.6684829359191762,
    0.6602657303917006,
    0.6598879563525274,
    0.6536257074564427,
    0.6519580263882506,
    0.6531685182943756,
    0.6460031228106968,
    0.6411869345839185,
    0.6439054220486102,
    0.6431044559687745,
    0.6389511879888734,
    0.6393446011780974,
    0.6356282899035942,
    0.6315817400818088,
    0.6328746990122178,
    0.6292037123539409,
    0.6316513845895836,
    0.6305650418998805,
    0.6297049232652332,
    0.6259554378481444,
    0.6271075442627785,
    0.6258553205903615,
    0.6258087631211547,
    0.623956730071419
  ],
  "val_acc": [
    0.9508196721311475,
    0.9689695550351288,
    0.9791736366677819,
    0.9832719973235196,
    0.9861993977919037,
    0.9869521579123453,
    0.9870357979257277,
    0.9897959183673469,
    0.9913014386082302,
    0.9917196386751422,
    0.9915523586483774,
    0.9904650384744061,
    0.9921378387420542,
    0.9942288390766143,
    0.9927233188357311,
    0.9928069588491134,
    0.9940615590498495,
    0.9929742388758782,
    0.9944797591167615,
    0.9937269989963199,
    0.9934760789561726,
    0.9948143191702911,
    0.9934760789561726,
    0.9942288390766143,
    0.9942288390766143,
    0.9952325192372031,
    0.9953161592505855,
    0.9954834392773503,
    0.9950652392104383,
    0.9953997992639679
  ],
  "learning_rates": [
    5e-05,
    5e-05,
    5e-05,
    5e-05,
    5e-05,
    5e-05,
    5e-05,
    5e-05,
    5e-05,
    5e-05,
    5e-05,
    5e-05,
    5e-05,
    5e-05,
    5e-05,
    5e-05,
    5e-05,
    5e-05,
    5e-05,
    5e-05,
    5e-05,
    5e-05,
    5e-05,
    5e-05,
    5e-05,
    5e-05,
    5e-05,
    5e-05,
    5e-05,
    5e-05
  ],
  "epochs": [
    1,
    2,
    3,
    4,
    5,
    6,
    7,
    8,
    9,
    10,
    11,
    12,
    13,
    14,
    15,
    16,
    17,
    18,
    19,
    20,
    21,
    22,
    23,
    24,
    25,
    26,
    27,
    28,
    29,
    30
  ]
}