{
  "train_loss": [
    1.009179364096406,
    0.6750427011719131,
    0.6405628608496061,
    0.6235150289476783,
    0.6123443203894955,
    0.6038277241545067,
    0.5976482465927827,
    0.591137977320285,
    0.5886859723243666,
    0.5848058824616787,
    0.5809347581666289,
    0.5790221722943892,
    0.5763749763635369,
    0.574164133235917,
    0.5743471339288145
  ],
  "train_acc": [
    0.8662734228792078,
    0.9744391538151754,
    0.9832279155710326,
    0.9868050126738208,
    0.9890555042285551,
    0.9906190036244759,
    0.9917797834790231,
    0.9929879421031436,
    0.9934380404140905,
    0.9934617297988771,
    0.9948357141165044,
    0.9946698884229976,
    0.9954042593513847,
    0.9955463956601047,
    0.9950252291947979
  ],
  "val_loss": [
    0.6554578234103965,
    0.6172721505755733,
    0.5978526802618183,
    0.5841254148770717,
    0.5794747355356382,
    0.5722234771726153,
    0.5697829753775718,
    0.5674080537233739,
    0.5645200335812116,
    0.5620505855656379,
    0.5614966271732781,
    0.5607864051097489,
    0.5582953791496283,
    0.5571979459310543,
    0.5561933081963158
  ],
  "val_acc": [
    0.9833195706028076,
    0.9919900908340215,
    0.9947976878612717,
    0.9961189099917424,
    0.99644921552436,
    0.998018166804294,
    0.9981007431874483,
    0.998018166804294,
    0.9983484723369116,
    0.9989265070189925,
    0.9988439306358381,
    0.9986787778695293,
    0.999009083402147,
    0.9993393889347647,
    0.999587118084228
  ],
  "learning_rates": [
    5e-05,
    5e-05,
    5e-05,
    5e-05,
    5e-05,
    5e-05,
    5e-05,
    5e-05,
    5e-05,
    5e-05,
    5e-05,
    5e-05,
    5e-05,
    5e-05,
    5e-05
  ],
  "epochs": [
    1,
    2,
    3,
    4,
    5,
    6,
    7,
    8,
    9,
    10,
    11,
    12,
    13,
    14,
    15
  ]
}