{
  "train_loss": [
    1.3507811462792658,
    0.9890521765654179,
    0.9298445852461966,
    0.8942257366594827,
    0.8709633298683868,
    0.8534595700536892
  ],
  "train_acc": [
    0.8015246488830239,
    0.9154786030728627,
    0.9337413988123292,
    0.9445400131963427,
    0.9508436233386747,
    0.956275332265058
  ],
  "val_loss": [
    0.8871940045439558,
    0.8179099225882152,
    0.7837210671320042,
    0.7705592380350297,
    0.7622340038056673,
    0.754372379848053
  ],
  "val_acc": [
    0.9607003971111705,
    0.9744243945597827,
    0.9818933766794922,
    0.9843418859694245,
    0.9862554268430691,
    0.9861113968848377
  ],
  "learning_rates": [
    5e-05,
    5e-05,
    5e-05,
    5e-05,
    5e-05,
    5e-05
  ],
  "epochs": [
    1,
    2,
    3,
    4,
    5,
    6
  ]
}