{
  "train_loss": [
    1.095356360986627
  ],
  "train_acc": [
    0.9088177946382813
  ],
  "val_loss": [
    0.8562680141251681
  ],
  "val_acc": [
    0.9760216073563976
  ],
  "learning_rates": [
    5e-05
  ],
  "epochs": [
    1
  ]
}