{
  "train_loss": [
    0.813678550157379,
    0.8017778067851611,
    0.7920557227441162,
    0.7864370834091194,
    0.7825173161481747,
    0.7766854630714732,
    0.7730248700958063,
    0.7684306068609648,
    0.7668008198081752,
    0.762174313097418,
    0.7637820685628323,
    0.7823409187820877,
    0.7752569215111232,
    0.7760478684608475,
    0.7721134199684639,
    0.7694309360503796,
    0.7675322323207978,
    0.7641420893063304
  ],
  "train_acc": [
    0.9692364886844185,
    0.9734885450067382,
    0.9771597193178122,
    0.9779961894140062,
    0.9787397183884009,
    0.9812026581160834,
    0.9826200102235234,
    0.9841303034527626,
    0.9835958920024165,
    0.9859194200474,
    0.9840605976114132,
    0.9757423672103722,
    0.9781356010967053,
    0.9767182489892653,
    0.9788094242297505,
    0.9790882475951485,
    0.9790417770342488,
    0.9809005994702356
  ],
  "val_loss": [
    0.7340704454389272,
    0.7350706083442278,
    0.7342911545077578,
    0.7319233741270156,
    0.7272229085105826,
    0.7294770932949778,
    0.7263136551348751,
    0.7243217602650854,
    0.7232687242594477,
    0.7234535604729887,
    0.7203357138174649,
    0.7184068246340631,
    0.7178441271353085,
    0.7200798657119206,
    0.7161130639067858,
    0.7143762601955399,
    0.7134172076189454,
    0.7131837585880071
  ],
  "val_acc": [
    0.990811514067328,
    0.9902423158237111,
    0.9883720930232558,
    0.9893478614408847,
    0.9912180842413401,
    0.9915433403805497,
    0.9900796877541064,
    0.9908928281021304,
    0.9911367702065377,
    0.9909741421369328,
    0.9920312245893641,
    0.9919499105545617,
    0.9912993982761424,
    0.9910554561717353,
    0.9922751666937714,
    0.9923564807285737,
    0.9927630509025858,
    0.9928443649373881
  ],
  "learning_rates": [
    5e-05,
    5e-05,
    5e-05,
    5e-05,
    5e-05,
    5e-05,
    5e-05,
    5e-05,
    5e-05,
    5e-05,
    5e-05,
    5e-05,
    5e-05,
    5e-05,
    5e-05,
    5e-05,
    5e-05,
    5e-05
  ],
  "epochs": [
    13,
    14,
    15,
    16,
    17,
    18,
    19,
    20,
    21,
    22,
    23,
    24,
    25,
    26,
    27,
    28,
    29,
    30
  ]
}