{
  "train_loss": [
    1.5752978482029654,
    0.9762925112789328,
    0.9023424112435543,
    0.8676327820980188,
    0.8426255072608139,
    0.8256921595696247,
    0.811933075930133,
    0.8019076257041007,
    0.7949054806521445,
    0.7885571136619105,
    0.7821684336120432,
    0.7741733645850962,
    0.7709389930421656,
    0.7669580691691601,
    0.7601434084502133,
    0.7584953653993028,
    0.756850427479455,
    0.753022262634653,
    0.748776173862544,
    0.7470136166521997,
    0.744598316875371,
    0.74289156749393
  ],
  "train_acc": [
    0.7637310606060606,
    0.924313446969697,
    0.9459990530303031,
    0.9563683712121213,
    0.9629971590909091,
    0.9668560606060606,
    0.9701941287878788,
    0.9722774621212121,
    0.9745265151515151,
    0.9762784090909091,
    0.9773200757575757,
    0.9788352272727273,
    0.9795691287878788,
    0.9805160984848484,
    0.983001893939394,
    0.983499053030303,
    0.9822679924242425,
    0.9837594696969697,
    0.9852272727272727,
    0.985345643939394,
    0.9863162878787879,
    0.9864346590909091
  ],
  "val_loss": [
    0.9195524228105175,
    0.8326019665876445,
    0.7935331760355286,
    0.7706933662438574,
    0.7593775716569197,
    0.746498265170008,
    0.744106605466249,
    0.7360410571967603,
    0.7319602531670812,
    0.7298807874198461,
    0.7246518949028827,
    0.7252306505904357,
    0.7186056671649919,
    0.7164346469448306,
    0.715062397716454,
    0.7113794923065749,
    0.7108457292552653,
    0.7096274363350544,
    0.7089044173742944,
    0.707991917835864,
    0.7074589683672114,
    0.7036894913694896
  ],
  "val_acc": [
    0.9471329134902221,
    0.970251905866755,
    0.981024196221412,
    0.9856645674511104,
    0.9850845210473981,
    0.9887305270135897,
    0.9896420285051376,
    0.9894763009612197,
    0.9906363937686443,
    0.9914650314882334,
    0.9915478952601923,
    0.9903049386808087,
    0.9924593967517401,
    0.9933708982432881,
    0.9927908518395757,
    0.9935366257872058,
    0.9937023533311237,
    0.9930394431554525,
    0.9944481272787538,
    0.9939509446470003,
    0.9937852171030825,
    0.995111037454425
  ],
  "learning_rates": [
    5e-05,
    5e-05,
    5e-05,
    5e-05,
    5e-05,
    5e-05,
    5e-05,
    5e-05,
    5e-05,
    5e-05,
    5e-05,
    5e-05,
    5e-05,
    5e-05,
    5e-05,
    5e-05,
    5e-05,
    5e-05,
    5e-05,
    5e-05,
    5e-05,
    5e-05
  ],
  "epochs": [
    1,
    2,
    3,
    4,
    5,
    6,
    7,
    8,
    9,
    10,
    11,
    12,
    13,
    14,
    15,
    16,
    17,
    18,
    19,
    20,
    21,
    22
  ]
}