{
  "train_loss": [
    1.0957742320729957
  ],
  "train_acc": [
    0.908010768206693
  ],
  "val_loss": [
    0.8539505496103146
  ],
  "val_acc": [
    0.9766813739639603
  ],
  "learning_rates": [
    5e-05
  ],
  "epochs": [
    1
  ]
}