{
  "train_loss": [
    0.7398464458458351,
    0.7345215634866195,
    0.7312602844202157,
    0.7291591759883996,
    0.7279032756884892,
    0.7254740345658678,
    0.7222167152346987
  ],
  "train_acc": [
    0.9860558712121212,
    0.989251893939394,
    0.9899857954545455,
    0.9901751893939394,
    0.9903172348484849,
    0.9903172348484849,
    0.9917613636363637
  ],
  "val_loss": [
    0.7035023674373797,
    0.7041513259180895,
    0.7024229709620818,
    0.7005567819146791,
    0.7024176221712559,
    0.7015141140636245,
    0.7007038179398531
  ],
  "val_acc": [
    0.9944481272787538,
    0.9936194895591647,
    0.9951939012263838,
    0.9953596287703016,
    0.9934537620152469,
    0.9940338084189593,
    0.9940338084189593
  ],
  "learning_rates": [
    5e-05,
    5e-05,
    5e-05,
    5e-05,
    5e-05,
    5e-05,
    5e-05
  ],
  "epochs": [
    24,
    25,
    26,
    27,
    28,
    29,
    30
  ]
}